{"namedChunkGroups":{"polyfill":{"name":"polyfill","assets":[{"name":"webpack-runtime-30220fb1c64685fb651d.js","size":4255},{"name":"polyfill-c9e5b0ed44c6ee958d0c.js","size":84301}],"filteredAssets":0,"assetsSize":88556,"filteredAuxiliaryAssets":2,"auxiliaryAssetsSize":222876},"app":{"name":"app","assets":[{"name":"webpack-runtime-30220fb1c64685fb651d.js","size":4255},{"name":"framework-aebe4ba6a1f624da85b0.js","size":128848},{"name":"app-55abb733cd9c45207783.js","size":49666}],"filteredAssets":0,"assetsSize":182769,"filteredAuxiliaryAssets":3,"auxiliaryAssetsSize":545321},"component---src-pages-404-js":{"name":"component---src-pages-404-js","assets":[{"name":"component---src-pages-404-js-d36f8759c0c336df5b19.js","size":789}],"filteredAssets":0,"assetsSize":789,"filteredAuxiliaryAssets":1,"auxiliaryAssetsSize":1971},"component---src-pages-index-js":{"name":"component---src-pages-index-js","assets":[{"name":"styles.16509e11ca08ebc3290d.css","size":237},{"name":"component---src-pages-index-js-145c4e35ebb49d0267d2.js","size":1004}],"filteredAssets":0,"assetsSize":1241,"filteredAuxiliaryAssets":2,"auxiliaryAssetsSize":19398}},"assetsByChunkName":{"polyfill":["webpack-runtime-30220fb1c64685fb651d.js","polyfill-c9e5b0ed44c6ee958d0c.js"],"app":["webpack-runtime-30220fb1c64685fb651d.js","framework-aebe4ba6a1f624da85b0.js","app-55abb733cd9c45207783.js"],"component---src-pages-404-js":["component---src-pages-404-js-d36f8759c0c336df5b19.js"],"component---src-pages-index-js":["styles.16509e11ca08ebc3290d.css","component---src-pages-index-js-145c4e35ebb49d0267d2.js"]},"childAssetsByChunkName":{}}